Year (B.E.),Monitoring period,Recovery code,Recovery level,Area (rai),Percent of Model B forest burn scar
2563,Recovery 6–7 months,1,Very poor,2335.19212598494,5.395269233592115
2563,Recovery 6–7 months,2,Poor,2233.9019035819556,5.161246510359428
2563,Recovery 6–7 months,3,Moderate,4598.8976926096,10.625374654733811
2563,Recovery 6–7 months,4,Good,8303.762491584253,19.18515988272464
2563,Recovery 6–7 months,5,Very good,14663.181338614437,33.8780737835182
2563,Recovery 6–7 months,6,Excellent,11147.281235723669,25.75487593507177
2564,Recovery 1 year 6–7 months,1,Very poor,1657.9332268953528,3.8305182819361225
2564,Recovery 1 year 6–7 months,2,Poor,1353.403658216587,3.1269277746160324
2564,Recovery 1 year 6–7 months,3,Moderate,2867.511639029412,6.625149661506893
2564,Recovery 1 year 6–7 months,4,Good,6439.820281326298,14.878674798137945
2564,Recovery 1 year 6–7 months,5,Very good,16133.515189707301,37.275159146061725
2564,Recovery 1 year 6–7 months,6,Excellent,14824.84478596974,34.25158387461815
2565,Recovery 2 years 6–7 months,1,Very poor,2226.4995484690985,5.144143978044372
2565,Recovery 2 years 6–7 months,2,Poor,1438.2098235054755,3.3228654404340348
2565,Recovery 2 years 6–7 months,3,Moderate,2861.5235653329764,6.61131471001688
2565,Recovery 2 years 6–7 months,4,Good,6375.004685025758,14.728923696853405
2565,Recovery 2 years 6–7 months,5,Very good,14991.220757363262,34.63598186469353
2565,Recovery 2 years 6–7 months,6,Excellent,15387.398325890419,35.551317533535915
2566,Recovery 3 years 6–7 months,1,Very poor,2784.2869310157635,6.432865822578078
2566,Recovery 3 years 6–7 months,2,Poor,1401.6871870510608,3.238482894518649
2566,Recovery 3 years 6–7 months,3,Moderate,2486.054444633636,5.743824205689059
2566,Recovery 3 years 6–7 months,4,Good,5445.901742810411,12.582307808937937
2566,Recovery 3 years 6–7 months,5,Very good,14690.994193947423,33.94233309691971
2566,Recovery 3 years 6–7 months,6,Excellent,16466.452041467266,38.04438234317743
2567,Recovery 4 years 6–7 months,1,Very poor,3136.356067770415,7.2462925896919534
2567,Recovery 4 years 6–7 months,2,Poor,1353.198695294998,3.1264542246530254
2567,Recovery 4 years 6–7 months,3,Moderate,1998.9711100915658,4.6184582455148515
2567,Recovery 4 years 6–7 months,4,Good,3576.153115389205,8.26240747533182
2567,Recovery 4 years 6–7 months,5,Very good,11558.839461951531,26.705747347787916
2567,Recovery 4 years 6–7 months,6,Excellent,21652.5688357243,50.02647840735832
2568,Recovery 5 years 6–7 months,1,Very poor,3541.1778720172056,8.181600053791396
2568,Recovery 5 years 6–7 months,2,Poor,1385.1169117806364,3.200198637149048
2568,Recovery 5 years 6–7 months,3,Moderate,2151.6491901509894,4.971208384924082
2568,Recovery 5 years 6–7 months,4,Good,3749.1814595879164,8.66217522531982
2568,Recovery 5 years 6–7 months,5,Very good,11511.688935412622,26.596809936449333
2568,Recovery 5 years 6–7 months,6,Excellent,20933.259888517423,48.36457428001552
